Deck,Player,Format,Event,Level,Rank,Date,LANDS,CREATURES,INSTANTS_and_SORC.,OTHER_SPELLS,SIDEBOARD,LANDS_(29),LANDS_(26),LANDS_(27),LANDS_(28)
RG Aggro,Bertrand Lestrée,Standard,Worlds 1994 (Milwaukee) *,,2,01/08/94,20.0,12.0,20.0,8.0,0.0,,,,
Wug Control,Zak Dolan,Standard,Worlds 1994 (Milwaukee) *,,1,01/08/94,15.0,11.0,15.0,19.0,0.0,,,,
Zoo,Dominic Symens,Standard,Worlds 1994 (Milwaukee) *,,3-4,01/08/94,16.0,12.0,19.0,13.0,0.0,,,,
Zoo,Cyrille de Foucaud,Standard,Worlds 1994 (Milwaukee) *,,3-4,01/08/94,23.0,16.0,20.0,7.0,0.0,,,,
Rack Control,Alexander Blumke,Standard,Worlds 1995 (Seattle) *,,1,01/08/95,25.0,6.0,18.0,14.0,0.0,,,,
WR Control,Marc Hernandez,Standard,Worlds 1995 (Seattle) *,,2,01/08/95,20.0,,15.0,27.0,0.0,,,,
RG Control,Henry Stern,Standard,Worlds 1995 (Seattle) *,,3-4,01/08/95,24.0,10.0,15.0,14.0,0.0,,,,
(Sideboard B),Henri Schildt,Standard,Worlds 1995 (Seattle) *,,5-8,01/08/95,,,,60.0,0.0,,,,
(Sideboard C),Mu Luen Wang,Standard,Worlds 1995 (Seattle) *,,5-8,01/08/95,,,,60.0,0.0,,,,
Selesnya Aggro,Ivan Curina,Standard,Worlds 1995 (Seattle) *,,5-8,01/08/95,20.0,24.0,11.0,7.0,0.0,,,,
(Red Artifact Control),Mark Justice,Standard,Worlds 1995 (Seattle) *,,3-4,01/08/95,,,,60.0,0.0,,,,
Pre-Sligh,Andrea Redi,Standard,Worlds 1995 (Seattle) *,,5-8,01/08/95,22.0,11.0,16.0,11.0,0.0,,,,
Blueless Weenie White,Tom Chanpheng,Standard,Worlds 1996 (Seattle),,1,14/08/96,24.0,20.0,13.0,3.0,0.0,,,,
Erhnam Gueddon,Olle Råde,Standard,Worlds 1996 (Seattle),,3-4,14/08/96,21.0,22.0,16.0,2.0,0.0,,,,
Stasis !,Tommi Hovi,Standard,Worlds 1996 (Seattle),,5-8,14/08/96,24.0,,19.0,17.0,0.0,,,,
Mono B Nevinyrral's Necro,Henry Stern,Standard,Worlds 1996 (Seattle),,3-4,14/08/96,26.0,10.0,13.0,11.0,0.0,,,,
Br Nevinyrral's Necro,Mark Justice,Standard,Worlds 1996 (Seattle),,2,14/08/96,25.0,9.0,15.0,11.0,0.0,,,,
Erhnam-geddon,Matt Place,Standard,Worlds 1996 (Seattle),,5-8,14/08/96,23.0,10.0,13.0,14.0,0.0,,,,
Mono B Nevinyrral's Necro,Scott Johns,Standard,Worlds 1996 (Seattle),,5-8,14/08/96,24.0,10.0,18.0,9.0,0.0,,,,
RG Ponza,Eric Tam,Standard,Worlds 1996 (Seattle),,5-8,14/08/96,26.0,7.0,20.0,7.0,0.0,,,,
Black Five,Jakub Slemr,Standard,Worlds 1997 (Seattle) *,,1,17/08/97,22.0,25.0,14.0,,0.0,,,,
URw Aggro,Janosch Kuhn,Standard,Worlds 1997 (Seattle) *,,2,17/08/97,22.0,8.0,30.0,,0.0,,,,
Stompy,Svend Sparre Geertsen,Standard,Worlds 1997 (Seattle) *,,3-4,17/08/97,18.0,32.0,6.0,4.0,0.0,,,,
UR Control,Paul McCabe,Standard,Worlds 1997 (Seattle) *,,3-4,17/08/97,20.0,18.0,17.0,5.0,0.0,,,,
Beatdown Necro,John Chinnock,Standard,Worlds 1997 (Seattle) *,,5-8,17/08/97,23.0,12.0,18.0,7.0,0.0,,,,
Red Deck Wins,Ju-Neon Kim,Standard,Worlds 1997 (Seattle) *,,Day 1 undefeated,17/08/97,23.0,18.0,14.0,5.0,0.0,,,,
Red Deck Wins,Jeff Donais,Standard,Worlds 1997 (Seattle) *,,Day 1 undefeated,17/08/97,22.0,21.0,17.0,1.0,0.0,,,,
Irish CounterPost,Dave Kearney,Standard,Worlds 1997 (Seattle) *,,Day 1 undefeated,17/08/97,28.0,2.0,29.0,2.0,0.0,,,,
Recurring Survival,Brian Selden,Standard,Worlds 1998 (Seattle),,1,16/08/98,22.0,24.0,4.0,10.0,0.0,,,,
Sligh,Ben Rubin,Standard,Worlds 1998 (Seattle),,2,16/08/98,21.0,21.0,14.0,4.0,0.0,,,,
Weenie White,Brian Hacker,Standard,Worlds 1998 (Seattle),,5-8,16/08/98,17.0,27.0,11.0,5.0,0.0,,,,
Sligh,Jon Finkel,Standard,Worlds 1998 (Seattle),,3-4,16/08/98,22.0,19.0,15.0,4.0,0.0,,,,
Recurring Survival,Alan Comer,Standard,Worlds 1998 (Seattle),,5-8,16/08/98,21.0,24.0,7.0,8.0,0.0,,,,
Recurring Survival,Raphael Levy,Standard,Worlds 1998 (Seattle),,3-4,16/08/98,23.0,24.0,4.0,9.0,0.0,,,,
Recurring Survival,Scott Johns,Standard,Worlds 1998 (Seattle),,5-8,16/08/98,22.0,25.0,6.0,8.0,0.0,,,,
Sligh,Chris Pikula,Standard,Worlds 1998 (Seattle),,5-8,16/08/98,22.0,19.0,15.0,4.0,0.0,,,,
Mono Blue Control,Randy Buehler,Standard,Worlds 1999 (Yokohama),,Day 1 undefeated,08/08/99,28.0,3.0,21.0,8.0,0.0,,,,
Mono Black Midrange,Jakub Slemr,Standard,Worlds 1999 (Yokohama),,5-8,08/08/99,22.0,10.0,21.0,7.0,0.0,,,,
Mono Red Land D,Jamie Parke,Standard,Worlds 1999 (Yokohama),,5-8,08/08/99,24.0,15.0,17.0,4.0,0.0,,,,
Oath into Thorn Elemental,Xavier Curto,Standard,Worlds 1999 (Yokohama),,Day 1 undefeated,08/08/99,23.0,5.0,19.0,13.0,0.0,,,,
Mono Black Suicide,Antoine Menard,Standard,Worlds 1999 (Yokohama),,Other,08/08/99,20.0,18.0,12.0,10.0,0.0,,,,
Wildfire,Patrick Mello,Standard,Worlds 1999 (Yokohama),,Other,08/08/99,20.0,8.0,4.0,28.0,0.0,,,,
Mono Blue Control,Sigurd Eskeland,Standard,Worlds 1999 (Yokohama),,Other,08/08/99,28.0,3.0,21.0,8.0,0.0,,,,
Mono Green Aggro,Raffaele Lo Moro,Standard,Worlds 1999 (Yokohama),,3-4,08/08/99,20.0,28.0,4.0,8.0,0.0,,,,
Mono Black Midrange,Gary Wise,Standard,Worlds 1999 (Yokohama),,5-8,08/08/99,22.0,10.0,21.0,7.0,0.0,,,,
Stompy,Nicolai Herzog,Standard,Worlds 1999 (Yokohama),,5-8,08/08/99,22.0,25.0,5.0,8.0,0.0,,,,
Stompy,Matt Linde,Standard,Worlds 1999 (Yokohama),,3-4,08/08/99,22.0,26.0,4.0,8.0,0.0,,,,
Mono Red Land D,Mark Le Pine,Standard,Worlds 1999 (Yokohama),,2,08/08/99,24.0,15.0,19.0,4.0,0.0,,,,
Wildfire,Kai Budde,Standard,Worlds 1999 (Yokohama),,1,08/08/99,20.0,8.0,4.0,28.0,0.0,,,,
Ice Age.dec,Dominik Hothow,Standard,Worlds 2000 (Brussels),,3-4,06/08/00,24.0,25.0,11.0,,0.0,,,,
Magpie,Helmut Summersberger,Standard,Worlds 2000 (Brussels),,5-8,06/08/00,27.0,9.0,18.0,6.0,0.0,,,,
Trinity,Benedikt Klauser,Standard,Worlds 2000 (Brussels),,3-4,06/08/00,23.0,28.0,4.0,5.0,0.0,,,,
Tinker,Jon Finkel,Standard,Worlds 2000 (Brussels),,1,06/08/00,21.0,9.0,8.0,22.0,0.0,,,,
Angry Non-Hermit,Janosch Kühn,Standard,Worlds 2000 (Brussels),,5-8,06/08/00,24.0,20.0,13.0,3.0,0.0,,,,
Replenish,Tom Van de Logt,Standard,Worlds 2000 (Brussels),,5-8,06/08/00,25.0,,16.0,19.0,0.0,,,,
Chimera,Nicolas Labarre,Standard,Worlds 2000 (Brussels),,5-8,06/08/00,21.0,17.0,5.0,17.0,0.0,,,,
Tinker,Bob Maher,Standard,Worlds 2000 (Brussels),,2,06/08/00,22.0,9.0,7.0,22.0,0.0,,,,
Machinehead,Tom Van de Logt,Standard,Worlds 2001 (Toronto),,1,12/08/01,24.0,18.0,18.0,,0.0,,,,
Merfolk Oppo,Alex Borteh,Standard,Worlds 2001 (Toronto),,2,12/08/01,20.0,20.0,12.0,8.0,0.0,,,,
Nether Go,Antoine Ruel,Standard,Worlds 2001 (Toronto),,3-4,12/08/01,23.0,3.0,32.0,2.0,0.0,,,,
Merfolk Oppo,Andrea Santin,Standard,Worlds 2001 (Toronto),,3-4,12/08/01,22.0,18.0,12.0,8.0,0.0,,,,
RDW,Michael Turian,Standard,Worlds 2001 (Toronto),,5-8,12/08/01,23.0,18.0,11.0,8.0,0.0,,,,
Dark Fires,Jan Tomcani,Standard,Worlds 2001 (Toronto),,5-8,12/08/01,24.0,22.0,6.0,8.0,0.0,,,,
Probe Go,Tommi Hovi,Standard,Worlds 2001 (Toronto),,5-8,12/08/01,24.0,4.0,30.0,2.0,0.0,,,,
Opposition,John Ormerod,Standard,Worlds 2001 (Toronto),,5-8,12/08/01,22.0,18.0,12.0,8.0,0.0,,,,
Machinehead,Joost Vollebregt,Standard,Worlds 2001 (Toronto),,Day 1 undefeated,12/08/01,24.0,18.0,18.0,,0.0,,,,
Fires of Yavimaya,Gert Coeckelbergh,Standard,Worlds 2001 (Toronto),,Day 1 undefeated,12/08/01,24.0,20.0,4.0,12.0,0.0,,,,
Psychatog,Diego Ostrovich,Standard,Worlds 2002 (Sydney),,3-4,18/08/02,24.0,8.0,28.0,,0.0,,,,
Squirrel Oppo,Sim Han How,Standard,Worlds 2002 (Sydney),,5-8,18/08/02,22.0,21.0,10.0,7.0,0.0,,,,
Psychatog,John Larkin,Standard,Worlds 2002 (Sydney),,5-8,18/08/02,24.0,8.0,28.0,,0.0,,,,
Burning Tog,Tuomas Kotiranta,Standard,Worlds 2002 (Sydney),,5-8,18/08/02,24.0,11.0,23.0,2.0,0.0,,,,
Psychatog,Carlos Romão,Standard,Worlds 2002 (Sydney),,1,18/08/02,24.0,8.0,28.0,,0.0,,,,
Psychatog,Dave Humpherys,Standard,Worlds 2002 (Sydney),,3-4,18/08/02,25.0,9.0,26.0,,0.0,,,,
BurningTog,Mark Ziegner,Standard,Worlds 2002 (Sydney),,2,18/08/02,24.0,13.0,23.0,,0.0,,,,
Squirrel Opposition,Ken Krouner,Standard,Worlds 2002 (Sydney),,5-8,18/08/02,21.0,18.0,15.0,6.0,0.0,,,,
Burning Tog,Victor van den Broek,Standard,Worlds 2002 (Sydney),,Day 1 undefeated,18/08/02,24.0,11.0,25.0,,0.0,,,,
Wake,Daniel Zink,Standard,Worlds 2003 (Berlin),,1,10/08/03,27.0,,26.0,7.0,0.0,,,,
Reanimator,Peer Kroger,Standard,Worlds 2003 (Berlin),,5-8,10/08/03,25.0,10.0,25.0,,0.0,,,,
UG Madness,David Humpherys,Standard,Worlds 2003 (Berlin),,3-4,10/08/03,22.0,18.0,20.0,,0.0,,,,
Goblin-Bidding,Wolfgang Eder,Standard,Worlds 2003 (Berlin),,5-8,10/08/03,22.0,32.0,6.0,,0.0,,,,
Astral Slide,Gabe Walls,Standard,Worlds 2003 (Berlin),,5-8,10/08/03,27.0,6.0,20.0,7.0,0.0,,,,
Wake,Jeroen Remie,Standard,Worlds 2003 (Berlin),,5-8,10/08/03,27.0,,26.0,7.0,0.0,,,,
Wake,Tuomo Nieminen,Standard,Worlds 2003 (Berlin),,3-4,10/08/03,26.0,,25.0,9.0,0.0,,,,
Wake,Jin Okamoto,Standard,Worlds 2003 (Berlin),,2,10/08/03,26.0,,27.0,7.0,0.0,,,,
Read the Gob Bidding,"Sylvain Lauriol, 6-0",Standard,Worlds 2003 (Berlin),,Day 1 undefeated,10/08/03,23.0,29.0,8.0,,0.0,,,,
Wake,"Tuomas Kotiranta, 6-0",Standard,Worlds 2003 (Berlin),,Day 1 undefeated,10/08/03,27.0,,27.0,6.0,0.0,,,,
Wake,"Carlos Barrado, 6-0",Standard,Worlds 2003 (Berlin),,Day 1 undefeated,10/08/03,28.0,,25.0,7.0,0.0,,,,
Astral Slide,Julien Nuijten,Standard,Worlds 2004 (San Francisco),,1,05/09/04,25.0,12.0,19.0,4.0,0.0,,,,
Affinity,Aeo Paquette,Standard,Worlds 2004 (San Francisco),,2,05/09/04,18.0,22.0,8.0,12.0,0.0,,,,
Goblins,Ryou Ogura,Standard,Worlds 2004 (San Francisco),,3-4,05/09/04,23.0,33.0,4.0,,0.0,,,,
KCI,Manuel Bevand,Standard,Worlds 2004 (San Francisco),,3-4,05/09/04,19.0,,18.0,23.0,0.0,,,,
Affinity,Kamiel Cornelissen,Standard,Worlds 2004 (San Francisco),,5-8,05/09/04,20.0,24.0,4.0,12.0,0.0,,,,
Astral Slide,Terry Soh,Standard,Worlds 2004 (San Francisco),,5-8,05/09/04,26.0,17.0,10.0,7.0,0.0,,,,
UW Cloudpost,Gabriel Nassif,Standard,Worlds 2004 (San Francisco),,5-8,05/09/04,25.0,5.0,27.0,3.0,0.0,,,,
Affinity,Murray Evans,Standard,Worlds 2004 (San Francisco),,5-8,05/09/04,17.0,20.0,13.0,10.0,0.0,,,,
Tooth and Nail,Sasha Zorc,Standard,Worlds 2004 (San Francisco),,Day 1 undefeated,05/09/04,24.0,10.0,15.0,11.0,0.0,,,,
Astral Slide,Bruno Carvalho ,Standard,Worlds 2004 (San Francisco),,Day 1 undefeated,05/09/04,25.0,10.0,21.0,4.0,0.0,,,,
Big Red,Antoine Ruel,Standard,Worlds 2004 (San Francisco),,Day 1 undefeated,05/09/04,22.0,11.0,22.0,5.0,0.0,,,,
Affinity,Andrei Häyrynen,Standard,Worlds 2004 (San Francisco),,Day 1 undefeated,05/09/04,20.0,21.0,7.0,12.0,0.0,,,,
Ghazi Glare,Katsuhiro Mori,Standard,Worlds 2005 (Yokohama),,1,04/12/05,23.0,24.0,4.0,9.0,0.0,,,,
Greater Gift,Frank Karsten,Standard,Worlds 2005 (Yokohama),,2,04/12/05,23.0,11.0,20.0,6.0,0.0,,,,
Ghazi Glare,Tomohiro Kaji,Standard,Worlds 2005 (Yokohama),,3-4,04/12/05,23.0,23.0,4.0,10.0,0.0,,,,
Enduring Ideal,Akira Asahara,Standard,Worlds 2005 (Yokohama),,3-4,04/12/05,23.0,,17.0,20.0,0.0,,,,
Critical Mass,Ding Leong,Standard,Worlds 2005 (Yokohama),,5-8,04/12/05,23.0,23.0,7.0,7.0,0.0,,,,
UB Control,Marcio Carvalho,Standard,Worlds 2005 (Yokohama),,5-8,04/12/05,25.0,12.0,21.0,2.0,0.0,,,,
Ghazi Glare,Shuhei Nakamura,Standard,Worlds 2005 (Yokohama),,5-8,04/12/05,23.0,25.0,3.0,9.0,0.0,,,,
Bug Critical,André Coimbra,Standard,Worlds 2005 (Yokohama),,5-8,04/12/05,22.0,22.0,10.0,6.0,0.0,,,,
UR Tron,Werner Cloete,Standard,Worlds 2005 (Yokohama),,Day 1 undefeated,04/12/05,24.0,8.0,23.0,5.0,0.0,,,,
Critical Mass,Antoine Ruel,Standard,Worlds 2005 (Yokohama),,Day 1 undefeated,04/12/05,23.0,19.0,11.0,7.0,0.0,,,,
Dragonstorm,Makihito Mihara,Standard,Worlds 2006 (Paris),,1,03/12/06,22.0,6.0,28.0,4.0,0.0,,,,
UWTron,Ryou Ogura,Standard,Worlds 2006 (Paris),,2,03/12/06,23.0,4.0,24.0,9.0,0.0,,,,
Boros,Nicholas Lovett,Standard,Worlds 2006 (Paris),,3-4,03/12/06,21.0,23.0,16.0,,0.0,,,,
Tron Martyr Life,Gabriel Nassif,Standard,Worlds 2006 (Paris),,3-4,03/12/06,24.0,9.0,22.0,5.0,0.0,,,,
Gruul,Paulo Carvalho,Standard,Worlds 2006 (Paris),,5-8,03/12/06,23.0,23.0,10.0,4.0,0.0,,,,
Boros,Paulo Vitor Damo da Rosa,Standard,Worlds 2006 (Paris),,5-8,03/12/06,21.0,23.0,16.0,,0.0,,,,
UWr Control,Tiago Chan,Standard,Worlds 2006 (Paris),,5-8,03/12/06,23.0,10.0,20.0,7.0,0.0,,,,
UWTron,Katsuhiro Mori,Standard,Worlds 2006 (Paris),,5-8,03/12/06,23.0,4.0,24.0,9.0,0.0,,,,
Boros,Willy Edel,Standard,Worlds 2006 (Paris),,Day 1 undefeated,03/12/06,21.0,23.0,16.0,,0.0,,,,
Boros,Tsuyoshi Fujita,Standard,Worlds 2006 (Paris),,Day 1 undefeated,03/12/06,24.0,13.0,19.0,4.0,0.0,,,,
UWTron,Itaru Ishida,Standard,Worlds 2006 (Paris),,Day 1 undefeated,03/12/06,23.0,5.0,22.0,10.0,0.0,,,,
Orzhov,Øyvind Andersen,Standard,Worlds 2006 (Paris),,Day 1 undefeated,03/12/06,22.0,24.0,7.0,7.0,0.0,,,,
Mannequin,Jan Doise,Standard,Worlds 2007 (New York),,Day 1 undefeated,06/12/07,26.0,25.0,9.0,,0.0,,,,
Elves!,Katsuhiro Mori,Standard,Worlds 2007 (New York),,Day 1 undefeated,06/12/07,23.0,23.0,11.0,3.0,0.0,,,,
Tarmo Rack,Saul Aguado,Standard,Worlds 2007 (New York),,,06/12/07,24.0,8.0,18.0,10.0,0.0,,,,
Rock,Sam Stein,Standard,Worlds 2007 (New York),,Day 1 undefeated,06/12/07,22.0,23.0,10.0,5.0,0.0,,,,
Mannequin,Soul Alvaredo,Standard,Worlds 2007 (New York),,,06/12/07,25.0,25.0,9.0,1.0,0.0,,,,
Rock,Andrius Jautakis,Standard,Worlds 2007 (New York),,,06/12/07,23.0,20.0,12.0,5.0,0.0,,,,
Sea Stompy,Simon Englund,Standard,Worlds 2007 (New York),,Day 1 undefeated,06/12/07,23.0,20.0,17.0,,0.0,,,,
ManaRamp,Mikko Nurmi,Standard,Worlds 2007 (New York),,Day 1 undefeated,06/12/07,23.0,16.0,14.0,7.0,0.0,,,,
Faeries,Hong Fei Yeung,Standard,Worlds 2007 (New York),,Day 1 undefeated,06/12/07,23.0,28.0,7.0,2.0,0.0,,,,
Elves!,Katsuhiro Mori,Standard,Worlds 2007 (New York),,5-8,06/12/07,23.0,23.0,11.0,3.0,0.0,,,,
Doran Rock,Uri Peleg,Standard,Worlds 2007 (New York),,1,06/12/07,23.0,23.0,10.0,4.0,0.0,,,,
Mannequin,Kotaro Otsuka,Standard,Worlds 2007 (New York),,3-4,06/12/07,24.0,23.0,9.0,4.0,0.0,,,,
Snow ManaRamp,Gerardo Godinez Estrada,Standard,Worlds 2007 (New York),,Day 1 undefeated,06/12/07,24.0,12.0,18.0,7.0,0.0,,,,
Rock,Christoph Huber,Standard,Worlds 2007 (New York),,Day 1 undefeated,06/12/07,23.0,19.0,11.0,7.0,0.0,,,,
Snow ManaRamp,Chris Lachmann,Standard,Worlds 2007 (New York),,Day 1 undefeated,06/12/07,24.0,15.0,18.0,3.0,0.0,,,,
Sonic Boom,Kang Jisang,Standard,Worlds 2007 (New York),,,06/12/07,26.0,11.0,23.0,,0.0,,,,
Elves!,Yoshitaka Nakano,Standard,Worlds 2007 (New York),,Day 1 undefeated,06/12/07,23.0,24.0,11.0,2.0,0.0,,,,
Dragonstorm,Patrick Chapin,Standard,Worlds 2007 (New York),,2,06/12/07,24.0,4.0,25.0,7.0,,,,,
Rock,Christoph Huber,Standard,Worlds 2007 (New York),,5-8,06/12/07,23.0,19.0,11.0,7.0,0.0,,,,
Elves!,Yoshitaka Nakano,Standard,Worlds 2007 (New York),,5-8,06/12/07,23.0,24.0,11.0,2.0,0.0,,,,
Rock,Roel van Heeswijk,Standard,Worlds 2007 (New York),,5-8,06/12/07,23.0,23.0,8.0,6.0,0.0,,,,
Dragonstorm,Gabriel Nassif,Standard,Worlds 2007 (New York),,3-4,06/12/07,24.0,4.0,24.0,8.0,0.0,,,,
Sonic Boom,Yujian Zhou,Standard,Worlds 2007 (New York),,,06/12/07,26.0,8.0,26.0,,0.0,,,,
Rock,Celso Zampere Junior,Standard,Worlds 2007 (New York),,,06/12/07,24.0,21.0,11.0,4.0,0.0,,,,
Faeries,Panaiotis Zacharias,Standard,Worlds 2007 (New York),,,06/12/07,24.0,25.0,11.0,,0.0,,,,
Pickles,Adam Yurchick,Standard,Worlds 2007 (New York),,,06/12/07,27.0,12.0,21.0,,0.0,,,,
Rock,Stuart Wright,Standard,Worlds 2007 (New York),,,06/12/07,25.0,11.0,18.0,6.0,0.0,,,,
Dragonstorm,David Williams,Standard,Worlds 2007 (New York),,,06/12/07,24.0,4.0,26.0,7.0,0.0,,,,
Teachings,Guillaume Wafo-Tapa,Standard,Worlds 2007 (New York),,,06/12/07,24.0,6.0,20.0,10.0,0.0,,,,
ManaRamp,Gabe Walls,Standard,Worlds 2007 (New York),,,06/12/07,25.0,15.0,17.0,3.0,0.0,,,,
ManaRamp,Ervin Tormos,Standard,Worlds 2007 (New York),,,06/12/07,24.0,15.0,18.0,3.0,0.0,,,,
Mannequin,Sebastian Thaler,Standard,Worlds 2007 (New York),,,06/12/07,26.0,22.0,12.0,,0.0,,,,
Dragonstorm,Amiel Tenenbaum,Standard,Worlds 2007 (New York),,,06/12/07,24.0,4.0,24.0,8.0,0.0,,,,
Rock,Morris Sung,Standard,Worlds 2007 (New York),,,06/12/07,23.0,21.0,13.0,3.0,0.0,,,,
Mannequin,Helmut Summersberger,Standard,Worlds 2007 (New York),,,06/12/07,26.0,22.0,12.0,,0.0,,,,
Elves!,Terry Soh,Standard,Worlds 2007 (New York),,,06/12/07,21.0,26.0,10.0,3.0,0.0,,,,
Faeries,Jan Ruess,Standard,Worlds 2007 (New York),,,06/12/07,23.0,26.0,11.0,,0.0,,,,
Goblins,Jerome Renevier,Standard,Worlds 2007 (New York),,,06/12/07,24.0,27.0,9.0,,0.0,,,,
Mannequin,Jose Rodriguez Doy,Standard,Worlds 2007 (New York),,,06/12/07,25.0,23.0,10.0,2.0,0.0,,,,
ManaRamp,Gennari Raphael,Standard,Worlds 2007 (New York),,,06/12/07,23.0,16.0,13.0,8.0,0.0,,,,
Faeries,Nikolai Potovin,Standard,Worlds 2007 (New York),,,06/12/07,23.0,30.0,7.0,,0.0,,,,
Elves!,Ryo Ogura,Standard,Worlds 2007 (New York),,,06/12/07,23.0,24.0,10.0,3.0,0.0,,,,
ManaRamp w/ u,Tamas Nagy,Standard,Worlds 2007 (New York),,,06/12/07,23.0,16.0,14.0,7.0,0.0,,,,
Mannequin,Valentin Moskovich,Standard,Worlds 2007 (New York),,,06/12/07,26.0,24.0,10.0,,0.0,,,,
Elves!,Makihito Mihara,Standard,Worlds 2007 (New York),,,06/12/07,24.0,19.0,13.0,4.0,0.0,,,,
Faeries,Guillaume Matignon,Standard,Worlds 2007 (New York),,,06/12/07,23.0,33.0,4.0,,0.0,,,,
ManaRamp,Antti Malin,Standard,Worlds 2007 (New York),,,06/12/07,23.0,16.0,14.0,7.0,0.0,,,,
Rock,Alex Majlaton,Standard,Worlds 2007 (New York),,,06/12/07,22.0,24.0,9.0,5.0,0.0,,,,
Faeries,Zvi Mowshowitz,Standard,Worlds 2007 (New York),,,06/12/07,25.0,24.0,11.0,,0.0,,,,
Red Death,Georgias Kapalas,Standard,Worlds 2007 (New York),,,06/12/07,21.0,23.0,16.0,,0.0,,,,
Tarmo Rack,Cyric Kim,Standard,Worlds 2007 (New York),,,06/12/07,22.0,16.0,18.0,4.0,0.0,,,,
Mannequin,Masaya Kitayama,Standard,Worlds 2007 (New York),,,06/12/07,24.0,25.0,8.0,3.0,0.0,,,,
Rock,Chakorn Lapnimitchai,Standard,Worlds 2007 (New York),,,06/12/07,22.0,26.0,9.0,4.0,0.0,,,,
ManaRamp w/ u,Klaus Jons,Standard,Worlds 2007 (New York),,,06/12/07,23.0,21.0,10.0,6.0,0.0,,,,
Elves!,Junta Hirosawa,Standard,Worlds 2007 (New York),,,06/12/07,23.0,23.0,12.0,2.0,0.0,,,,
Faeries,Mark Herrin,Standard,Worlds 2007 (New York),,,06/12/07,23.0,26.0,7.0,4.0,0.0,,,,
ManaRamp,Mike Hron,Standard,Worlds 2007 (New York),,,06/12/07,25.0,15.0,16.0,4.0,0.0,,,,
Dragonstorm,Mark Herberholz,Standard,Worlds 2007 (New York),,,06/12/07,24.0,4.0,25.0,7.0,0.0,,,,
ManaRamp,Miguel Gatica,Standard,Worlds 2007 (New York),,,06/12/07,23.0,15.0,16.0,6.0,0.0,,,,
Dragonstorm,Jon Finkel,Standard,Worlds 2007 (New York),,,06/12/07,24.0,4.0,25.0,7.0,0.0,,,,
Dragonstorm,Thomas Drake,Standard,Worlds 2007 (New York),,,06/12/07,23.0,4.0,28.0,5.0,0.0,,,,
ManaRamp,Paul Cheon,Standard,Worlds 2007 (New York),,,06/12/07,24.0,14.0,18.0,4.0,0.0,,,,
ManaRamp,Marco Cammilluzzi,Standard,Worlds 2007 (New York),,,06/12/07,24.0,13.0,17.0,7.0,0.0,,,,
Rock,Matthew Chaud,Standard,Worlds 2007 (New York),,,06/12/07,24.0,21.0,10.0,5.0,0.0,,,,
Mannequin,Manuel Bucher,Standard,Worlds 2007 (New York),,,06/12/07,25.0,24.0,6.0,5.0,0.0,,,,
ManaRamp,Damien Buckley,Standard,Worlds 2007 (New York),,,06/12/07,23.0,16.0,18.0,3.0,0.0,,,,
ManaRamp,Armin Birner,Standard,Worlds 2007 (New York),,,06/12/07,23.0,17.0,14.0,6.0,0.0,,,,
Faeries,Leonid Bogachkin,Standard,Worlds 2007 (New York),,,06/12/07,23.0,30.0,7.0,,0.0,,,,
Faeries,Paulo Vitor Damo da Rosa,Standard,Worlds 2008 (Memphis),,5-8,14/12/08,26.0,15.0,15.0,4.0,0.0,,,,
Kithkins,Hannes Kerem,Standard,Worlds 2008 (Memphis),,3-4,14/12/08,25.0,24.0,8.0,3.0,0.0,,,,
Faeries,Kenji Tsumura,Standard,Worlds 2008 (Memphis),,5-8,14/12/08,25.0,12.0,16.0,7.0,0.0,,,,
Quick' n Toast,Jamie Parke,Standard,Worlds 2008 (Memphis),,2,14/12/08,26.0,11.0,23.0,,0.0,,,,
RB Sauce,Tsuyoshi Ikeda,Standard,Worlds 2008 (Memphis),,3-4,14/12/08,25.0,15.0,16.0,4.0,0.0,,,,
Faeries,Antti Malin,Standard,Worlds 2008 (Memphis),,1,14/12/08,25.0,12.0,19.0,4.0,0.0,,,,
Faeries,Akira Asahara,Standard,Worlds 2008 (Memphis),,5-8,14/12/08,25.0,14.0,15.0,6.0,0.0,,,,
Faeries,Frank Karsten,Standard,Worlds 2008 (Memphis),,5-8,14/12/08,25.0,15.0,14.0,6.0,0.0,,,,
Toutounaze,Aaron Nicastri,Standard,Worlds 2008 (Memphis),,Day 1 undefeated,14/12/08,22.0,26.0,4.0,8.0,0.0,,,,
Faeries,Masashi Oiso,Standard,Worlds 2008 (Memphis),,Day 1 undefeated,14/12/08,25.0,14.0,14.0,7.0,0.0,,,,
Kithkins,Sung-Wook Nam,Standard,Worlds 2008 (Memphis),,Day 1 undefeated,14/12/08,25.0,20.0,8.0,7.0,0.0,,,,
Faeries,Justin Cheung,Standard,Worlds 2008 (Memphis),,Day 1 undefeated,14/12/08,25.0,13.0,15.0,7.0,0.0,,,,
Boros,Bram Snepvangers,Standard,Worlds 2009 (Rome),,3-4,19/11/09,24.0,24.0,10.0,2.0,0.0,,,,
Vampires,Oleksii Antonenko,Standard,Worlds 2009 (Rome),,Day 1 undefeated,19/11/09,24.0,22.0,13.0,1.0,0.0,,,,
Jund,David Reitbauer,Standard,Worlds 2009 (Rome),,2,19/11/09,25.0,16.0,17.0,2.0,0.0,,,,
Jund,Marijn Lybaert,Standard,Worlds 2009 (Rome),,5-8,19/11/09,25.0,16.0,16.0,3.0,0.0,,,,
Jund,Cynic Kim,Standard,Worlds 2009 (Rome),,Day 1 undefeated,19/11/09,25.0,18.0,16.0,1.0,0.0,,,,
Rampant Jund,Tomoharu Saito,Standard,Worlds 2009 (Rome),,Day 1 undefeated,19/11/09,25.0,15.0,20.0,,0.0,,,,
Turbo Fog,Joel Calafell,Standard,Worlds 2009 (Rome),,Day 1 undefeated,19/11/09,24.0,,22.0,14.0,0.0,,,,
Naya Lightsaber,André Coimbra,Standard,Worlds 2009 (Rome),,1,19/11/09,24.0,25.0,8.0,3.0,0.0,,,,
Naya,Terry Soh,Standard,Worlds 2009 (Rome),,3-4,19/11/09,22.0,26.0,11.0,1.0,0.0,,,,
Mono W Tokens,William Cavaglieri,Standard,Worlds 2009 (Rome),,5-8,19/11/09,24.0,18.0,11.0,7.0,0.0,,,,
Bant,Manuel Bucher,Standard,Worlds 2009 (Rome),,5-8,19/11/09,23.0,28.0,4.0,5.0,0.0,,,,
Jund,Florian Pils,Standard,Worlds 2009 (Rome),,5-8,19/11/09,25.0,15.0,17.0,3.0,0.0,,,,
UB Control,Guillaume Wafo-Tapa,Standard,Worlds 2010 (Chiba),,2,12/12/10,26.0,5.0,17.0,12.0,0.0,,,,
UB Control,Guillaume Matignon,Standard,Worlds 2010 (Chiba),,1,12/12/10,26.0,5.0,19.0,10.0,0.0,,,,
Br Vampires,Eric Froehlich,Standard,Worlds 2010 (Chiba),,5-8,12/12/10,23.0,25.0,9.0,3.0,0.0,,,,
UB Control,Paulo Vitor Damo da Rosa,Standard,Worlds 2010 (Chiba),,3-4,12/12/10,26.0,6.0,19.0,9.0,0.0,,,,
Eldrazi Green,Love Janse,Standard,Worlds 2010 (Chiba),,3-4,12/12/10,26.0,18.0,13.0,3.0,0.0,,,,
UW Control,Jonathan Randle,Standard,Worlds 2010 (Chiba),,5-8,12/12/10,26.0,3.0,17.0,14.0,0.0,,,,
UB Control,Christopher Wolf,Standard,Worlds 2010 (Chiba),,5-8,12/12/10,26.0,6.0,18.0,10.0,0.0,,,,
UB Control,Lukas Jaklovsky,Standard,Worlds 2010 (Chiba),,5-8,12/12/10,26.0,6.0,17.0,11.0,0.0,,,,
Caw Go,Brian Kibler,Standard,Worlds 2010 (Chiba),,Day 1 undefeated,12/12/10,26.0,4.0,18.0,12.0,0.0,,,,
Elves,Pierre Canali,Standard,Worlds 2010 (Chiba),,Day 1 undefeated,12/12/10,23.0,32.0,,5.0,0.0,,,,
Valakut Ramp,Shuhei Nakamura ,Standard,Worlds 2010 (Chiba),,Other,12/12/10,28.0,12.0,16.0,4.0,0.0,,,,
Br Vampires,Sam Black,Standard,Worlds 2010 (Chiba),,Other,12/12/10,23.0,28.0,5.0,4.0,0.0,,,,
Valakut Ramp,Gerry Thompson,Standard,Worlds 2010 (Chiba),,Other,12/12/10,28.0,12.0,16.0,4.0,0.0,,,,
UW Control,Olivier Ruel,Standard,Worlds 2010 (Chiba),,Other,12/12/10,27.0,3.0,14.0,16.0,0.0,,,,
UB Control with Persecutors,Yuuya Watanabe,Standard,Worlds 2010 (Chiba),,Other,12/12/10,26.0,7.0,20.0,7.0,0.0,,,,
UB Control,Martin Juza,Standard,Worlds 2010 (Chiba),,Other,12/12/10,26.0,6.0,19.0,9.0,0.0,,,,
UW Control,Akio Chiba,Standard,Worlds 2010 (Chiba),,Other,12/12/10,25.0,9.0,14.0,12.0,0.0,,,,
Valakut Ramp,Matt Sperling,Standard,Worlds 2010 (Chiba),,Other,12/12/10,28.0,12.0,16.0,4.0,0.0,,,,
UB Control,Stjepan Sucic,Standard,Worlds 2010 (Chiba),,Other,12/12/10,26.0,3.0,22.0,9.0,0.0,,,,
Valakut Ramp,Ryouichi Tamada,Standard,Worlds 2010 (Chiba),,Other,12/12/10,28.0,12.0,16.0,4.0,0.0,,,,
RUG Control,"Cristian Zúñiga,",Standard,Worlds 2010 (Chiba),,Other,12/12/10,27.0,13.0,16.0,4.0,0.0,,,,
Boros Landfall,Chikara Nakajima,Standard,Worlds 2010 (Chiba),,Other,12/12/10,25.0,22.0,4.0,9.0,0.0,,,,
Valakut Ramp,Tomek Pedrakowski,Standard,Worlds 2010 (Chiba),,Other,12/12/10,28.0,10.0,18.0,4.0,0.0,,,,
BUG Control,Alexey Golovin,Standard,Worlds 2010 (Chiba),,Other,12/12/10,27.0,13.0,16.0,4.0,0.0,,,,
Tempered Steel,Conley Woods,Standard,Worlds 2011 - Top 8,,3-4,20/11/11,19.0,21.0,4.0,16.0,0.0,,,,
Tempered Steel,Paulo Vitor Damo da Rosa,Standard,Worlds 2011 - Top 8,,5-8,20/11/11,19.0,21.0,4.0,16.0,0.0,,,,
Tempered Steel,Luis Scott-Vargas,Standard,Worlds 2011 - Top 8,,5-8,20/11/11,19.0,21.0,4.0,16.0,0.0,,,,
Tempered Steel,Josh Utter-Leyton,Standard,Worlds 2011 - Top 8,,5-8,20/11/11,19.0,21.0,4.0,16.0,0.0,,,,
Kessig Titan,Junya Iyanaga,Standard,Worlds 2011 - Top 8,,1,20/11/11,26.0,14.0,16.0,4.0,0.0,,,,
GW Aggro,Richard Bland,Standard,Worlds 2011 - Top 8,,2,20/11/11,25.0,19.0,2.0,14.0,0.0,,,,
Red Deck Wins,David Caplan,Standard,Worlds 2011 - Top 8,,3-4,20/11/11,21.0,20.0,15.0,4.0,0.0,,,,
Saint WW with Leaks,Craig Wescoe,Standard,Worlds 2011 - Top 8,,5-8,20/11/11,24.0,24.0,5.0,7.0,0.0,,,,
Red Deck Wins,David Caplan,Standard,Worlds 2011 - Undefeated Standard,,,17/11/11,21.0,20.0,15.0,4.0,0.0,,,,
Kessig Titan,Kyle Stoll,Standard,Worlds 2011 - Undefeated Standard,,,17/11/11,25.0,14.0,14.0,7.0,0.0,,,,
Kessig Titan,Junya Iyanaga,Standard,Worlds 2011 - Undefeated Standard,,,17/11/11,26.0,14.0,16.0,4.0,0.0,,,,
Tempered Steel,Conley Woods,Standard,Worlds 2011 - Undefeated Standard,,,17/11/11,19.0,21.0,4.0,16.0,0.0,,,,
Saint WW with Leaks,Craig Wescoe,Standard,Worlds 2011 - Undefeated Standard,,,17/11/11,24.0,24.0,5.0,7.0,0.0,,,,
UW Control,Andrew Cuneo,Standard,Worlds 2011 - Undefeated Standard,,,17/11/11,27.0,2.0,23.0,8.0,0.0,,,,
Grand Heart-chitect,Alan Comer,Standard,Worlds Standard (15 points and original),,Other,17/11/11,20.0,28.0,4.0,8.0,0.0,,,,
Grixis Control,Patrick Chapin,Standard,Worlds Standard (15 points and original),,2,17/11/11,26.0,10.0,20.0,4.0,0.0,,,,
Solar Flare,Ali Aintrazi,Standard,Worlds Standard (15 points and original),,Other,17/11/11,27.0,8.0,21.0,4.0,0.0,,,,
Kessig Titan,Matthias Hunt,Standard,Worlds Standard (15 points and original),,2,17/11/11,25.0,14.0,14.0,7.0,0.0,,,,
GW Aggro,Fabian Thiele,Standard,Worlds Standard (15 points and original),,2,17/11/11,24.0,22.0,3.0,11.0,0.0,,,,
GW Aggro,Andrew Bennett,Standard,Worlds Standard (15 points and original),,2,17/11/11,24.0,22.0,3.0,11.0,0.0,,,,
Red Deck Wins,Simon Bertiou,Standard,Worlds Standard (15 points and original),,2,17/11/11,22.0,19.0,15.0,4.0,0.0,,,,
Illusions,Nico Bohny,Standard,Worlds Standard (15 points and original),,2,17/11/11,20.0,22.0,18.0,,0.0,,,,
Saint WW with Leaks,Marcus Camargo,Standard,Worlds Standard (15 points and original),,2,17/11/11,24.0,23.0,4.0,9.0,0.0,,,,
Illusions,Lucas Mercader,Standard,Worlds Standard (15 points and original),,2,17/11/11,20.0,20.0,20.0,,0.0,,,,
Illusions,Katsahiro Mori,Standard,Worlds Standard (15 points and original),,2,17/11/11,20.0,21.0,19.0,,0.0,,,,
Illusions,Filipe Cardoso,Standard,Worlds Standard (15 points and original),,2,17/11/11,20.0,20.0,20.0,,0.0,,,,
Puresteel Paladin,Gregory Cassini,Standard,Worlds Standard (15 points and original),,2,17/11/11,23.0,14.0,5.0,18.0,0.0,,,,
GW Aggro, Rigo Castellan Robles,Standard,Worlds Standard (15 points and original),,2,17/11/11,24.0,22.0,2.0,12.0,0.0,,,,
Red Deck Wins,Allan Christensen,Standard,Worlds Standard (15 points and original),,2,17/11/11,22.0,18.0,16.0,4.0,0.0,,,,
GW Aggro,Bo Ruad Chun,Standard,Worlds Standard (15 points and original),,2,17/11/11,24.0,16.0,5.0,15.0,0.0,,,,
Solar Flare,Jeremy Neeman,Standard,Worlds Standard (15 points and original),,2,17/11/11,27.0,6.0,24.0,3.0,0.0,,,,
Kessig Titan,Mikko Nurmi,Standard,Worlds Standard (15 points and original),,2,17/11/11,25.0,20.0,11.0,4.0,0.0,,,,
Red Deck Wins,Florian Pils,Standard,Worlds Standard (15 points and original),,2,17/11/11,22.0,18.0,13.0,7.0,0.0,,,,
Red Deck Wins,Marcelivo Freeman,Standard,Worlds Standard (15 points and original),,2,17/11/11,22.0,21.0,11.0,6.0,0.0,,,,
GW Aggro,Tomoya Fujimoto,Standard,Worlds Standard (15 points and original),,2,17/11/11,24.0,23.0,2.0,11.0,0.0,,,,
Illusions,Thoralf Severin,Standard,Worlds Standard (15 points and original),,2,17/11/11,20.0,21.0,19.0,,0.0,,,,
Red Deck Wins, Ruben Snijdewind,Standard,Worlds Standard (15 points and original),,2,17/11/11,23.0,22.0,10.0,5.0,0.0,,,,
GW Aggro, Thomos Holzinger,Standard,Worlds Standard (15 points and original),,2,17/11/11,24.0,22.0,,14.0,0.0,,,,
UWb Blade,Raphael Levy,Standard,Worlds Standard (15 points and original),,2,17/11/11,26.0,7.0,20.0,7.0,0.0,,,,
GW Aggro, Kristoffer Jonassen,Standard,Worlds Standard (15 points and original),,2,17/11/11,25.0,19.0,2.0,14.0,0.0,,,,
Red Deck Wins,Frank Karsten,Standard,Worlds Standard (15 points and original),,2,17/11/11,23.0,21.0,10.0,6.0,0.0,,,,
Kessig Titan,Peter Kesteloo,Standard,Worlds Standard (15 points and original),,2,17/11/11,24.0,18.0,12.0,6.0,0.0,,,,
Tempered Steel,Brian Kibler,Standard,Worlds Standard (15 points and original),,2,17/11/11,19.0,21.0,4.0,16.0,0.0,,,,
Tezzeret Control,Shouta Yasooka,Standard,Worlds Standard (15 points and original),,2,17/11/11,25.0,8.0,13.0,14.0,0.0,,,,
Solar Flare,Ken Yukuhiro,Standard,Worlds Standard (15 points and original),,2,17/11/11,26.0,10.0,19.0,5.0,0.0,,,,
Illusions,Phillip Lorren,Standard,Worlds Standard (15 points and original),,2,17/11/11,20.0,21.0,19.0,,0.0,,,,
Mono Green Infect,Croatia - Stjepan Sučić,Standard,2012 World Magic Cup,,5-8,18/08/12,21.0,10.0,21.0,8.0,0.0,,,,
UW Delver,Scotland - Stephen Murray,Standard,2012 World Magic Cup,,5-8,18/08/12,19.0,17.0,22.0,2.0,0.0,,,,
BR Zombies,Chinese Taipei - Yu Min Yang,Standard,2012 World Magic Cup,,1,18/08/12,23.0,23.0,12.0,2.0,0.0,,,,
BR Zombies,Poland - Adam Bubar,Standard,2012 World Magic Cup,,3-4,18/08/12,22.0,27.0,9.0,2.0,0.0,,,,
UW Delver,Philippines - Andrew Cantillana,Standard,2012 World Magic Cup,,5-8,18/08/12,21.0,20.0,19.0,,0.0,,,,
Solar Flare,Slovak Republic - Robert Jurkovic,Standard,2012 World Magic Cup,,5-8,18/08/12,26.0,8.0,18.0,8.0,0.0,,,,
Zombies,Hungary - Tamás Glied,Standard,2012 World Magic Cup,,3-4,18/08/12,24.0,27.0,4.0,5.0,0.0,,,,
UW Delver,Puerto Rico - Gabriel Nieves,Standard,2012 World Magic Cup,,2,18/08/12,18.0,16.0,23.0,3.0,0.0,,,,
UWx Midrange,Shahar Shenhar,Standard,2013 World Championship,,1,01/08/13,26.0,10.0,24.0,,0.0,,,,
UWx Midrange,Dmitriy Butakov,Standard,2013 World Championship,,9,01/08/13,25.0,11.0,23.0,1.0,0.0,,,,
UWx Midrange,Ben Stark,Standard,2013 World Championship,,3-4,01/08/13,26.0,9.0,23.0,2.0,0.0,,,,
UWx Midrange,Stanislav Cifka,Standard,2013 World Championship,,11,01/08/13,26.0,9.0,23.0,2.0,0.0,,,,
Jund Midrange,David Ochoa,Standard,2013 World Championship,,10,01/08/13,25.0,18.0,16.0,1.0,0.0,,,,
UWx Midrange,Yuuya Watanabe,Standard,2013 World Championship,,6,01/08/13,26.0,9.0,23.0,2.0,0.0,,,,
UWx Midrange,Martin Juza,Standard,2013 World Championship,,16,01/08/13,26.0,9.0,23.0,2.0,0.0,,,,
UWx Midrange,Shuhei Nakamura,Standard,2013 World Championship,,8,01/08/13,26.0,9.0,23.0,2.0,0.0,,,,
UWx Midrange,Tom Martell,Standard,2013 World Championship,,12,01/08/13,26.0,10.0,24.0,,0.0,,,,
Naya,Willy Edel,Standard,2013 World Championship,,13,01/08/13,24.0,26.0,6.0,4.0,0.0,,,,
Jund Midrange,Reid Duke,Standard,2013 World Championship,,2,01/08/13,25.0,14.0,18.0,3.0,0.0,,,,
Gruul Aggro,Brian Kibler,Standard,2013 World Championship,,7,01/08/13,24.0,29.0,3.0,4.0,0.0,,,,
Jund Midrange,Josh Utter-Leyton,Standard,2013 World Championship,,3-4,01/08/13,25.0,18.0,16.0,1.0,0.0,,,,
Jund Control,Lee Shi Tian,Standard,2013 World Championship,,15,01/08/13,25.0,13.0,16.0,6.0,0.0,,,,
Jund Midrange,Eric Froehlich,Standard,2013 World Championship,,14,01/08/13,25.0,18.0,16.0,1.0,0.0,,,,
Wr Humans,Craig Wescoe,Standard,2013 World Championship,,5,01/08/13,24.0,29.0,7.0,,0.0,,,,
Sultai Whip ,Willy Edel (Brazil),Standard,2014 World Magic Cup,,8,07/12/14,23.0,24.0,10.0,3.0,0.0,,,,
Red Deck Wins,Kim Sang-eun (South Korea),Standard,2014 World Magic Cup,,5,07/12/14,18.0,18.0,16.0,8.0,0.0,,,,
Mardu Midrange,Martin Miller (Denmark),Standard,2014 World Magic Cup,,1,07/12/14,25.0,12.0,15.0,8.0,0.0,,,,
UB Control,Thomas Enevoldsen  (Denmark),Standard,2014 World Magic Cup,,1,07/12/14,27.0,,25.0,8.0,0.0,,,,
Abzan Midrange,Simon Nielsen (Denmark),Standard,2014 World Magic Cup,,1,07/12/14,23.0,28.0,5.0,4.0,0.0,,,,
Mardu Midrange,Socrates Rozakeas (Greece),Standard,2014 World Magic Cup,,2,07/12/14,25.0,13.0,17.0,5.0,0.0,,,,
Temur Aggro,Bill Chronopoulos (Greece),Standard,2014 World Magic Cup,,2,07/12/14,23.0,27.0,10.0,,0.0,,,,
Sultai Whip ,Panagiotis Savvidis (Greece),Standard,2014 World Magic Cup,,2,07/12/14,23.0,23.0,11.0,3.0,0.0,,,,
UB Control,Fabrizio Anteri (England),Standard,2014 World Magic Cup,,3,07/12/14,27.0,1.0,25.0,7.0,0.0,,,,
Abzan Midrange,David Inglis (England),Standard,2014 World Magic Cup,,3,07/12/14,23.0,25.0,9.0,3.0,0.0,,,,
Mardu Midrange,Francesco Giorgio (England),Standard,2014 World Magic Cup,,3,07/12/14,25.0,13.0,14.0,8.0,0.0,,,,
Azorius Heroic,Andrew Baeckstrom (USA),Standard,2014 World Magic Cup,,4,07/12/14,22.0,19.0,11.0,8.0,0.0,,,,
Golgari Constelation,Owen Turtenwald (USA),Standard,2014 World Magic Cup,,4,07/12/14,22.0,25.0,10.0,3.0,0.0,,,,
Jeskai Token,Neal Oliver (USA),Standard,2014 World Magic Cup,,4,07/12/14,24.0,8.0,22.0,6.0,0.0,,,,
Devotion to Constelation,Joo Hyun Oh  (South Korea),Standard,2014 World Magic Cup,,5,07/12/14,23.0,31.0,4.0,2.0,0.0,,,,
Jeskai Token,Jan Tomcani (Slovak Republic),Standard,2014 World Magic Cup,,7,07/12/14,24.0,8.0,22.0,6.0,0.0,,,,
Jeskai Token,Milos Stajic (Serbia),Standard,2014 World Magic Cup,,6,07/12/14,21.0,8.0,23.0,8.0,0.0,,,,
Abzan Midrange,Boris Bajgo (Serbia),Standard,2014 World Magic Cup,,6,07/12/14,25.0,17.0,15.0,3.0,0.0,,,,
Gruul Monsters,Aleksa Telarov (Serbia),Standard,2014 World Magic Cup,,6,07/12/14,24.0,26.0,7.0,3.0,0.0,,,,
Mardu Midrange,Nam Sung Wook  (South Korea),Standard,2014 World Magic Cup,,5,07/12/14,25.0,12.0,15.0,8.0,0.0,,,,
Gruul Monsters,Thiago Saporito (Brazil),Standard,2014 World Magic Cup,,8,07/12/14,24.0,26.0,8.0,2.0,0.0,,,,
Boros Midrange,Gabriel Fehr (Brazil),Standard,2014 World Magic Cup,,8,07/12/14,25.0,16.0,13.0,6.0,0.0,,,,
UB Control,Ivan Floch (Slovak Republic),Standard,2014 World Magic Cup,,7,07/12/14,28.0,2.0,26.0,4.0,0.0,,,,
Golgari Constelation,Michal Guldan (Slovak Republic),Standard,2014 World Magic Cup,,7,07/12/14,22.0,27.0,8.0,3.0,0.0,,,,
Red Deck Wins,Raphaël Lévy,Standard,2014 World Championship - Day 2,,6,03/12/14,22.0,16.0,22.0,,0.0,,,,
Sultai Whip ,Tom Martell,Standard,2014 World Championship - Day 2,,4,03/12/14,23.0,22.0,10.0,5.0,0.0,,,,
Sultai Whip ,Paulo Vitor Damo da Rosa,Standard,2014 World Championship - Day 2,,7,03/12/14,23.0,22.0,10.0,5.0,0.0,,,,
UB Control,Stanislav Cifka,Standard,2014 World Championship - Day 2,,6,03/12/14,28.0,2.0,26.0,4.0,0.0,,,,
Abzan Midrange,Patrick Chapin,Standard,2014 World Championship - Day 2,,4,03/12/14,25.0,15.0,15.0,5.0,0.0,,,,
Sultai Whip ,Kentaro Yamamoto,Standard,2014 World Championship - Day 2,,5,03/12/14,23.0,24.0,10.0,3.0,0.0,,,,
Jeskai Token,Yuuya Watanabe,Standard,2014 World Championship - Day 2,,2,03/12/14,24.0,8.0,22.0,6.0,0.0,,,,
Mardu Midrange,Nam Sung Wook,Standard,2014 World Championship - Day 2,,4,03/12/14,25.0,12.0,15.0,8.0,0.0,,,,
Golgari Constelation,Reid Duke,Standard,2014 World Championship - Day 2,,1,03/12/14,22.0,26.0,9.0,3.0,0.0,,,,
Sultai Whip ,Willy Edel,Standard,2014 World Championship - Day 2,,6,03/12/14,23.0,22.0,10.0,5.0,0.0,,,,
UB Control,Ivan Floch,Standard,2014 World Championship - Day 2,,4,03/12/14,28.0,2.0,26.0,4.0,0.0,,,,
Abzan Midrange,Yuuki Ichikawa,Standard,2014 World Championship - Day 2,,4,03/12/14,23.0,26.0,9.0,2.0,0.0,,,,
Abzan Midrange,Jacob Wilson,Standard,2014 World Championship - Day 2,,6,03/12/14,25.0,16.0,13.0,6.0,0.0,,,,
Sultai Whip ,Josh Utter-Leyton,Standard,2014 World Championship - Day 2,,4,03/12/14,23.0,22.0,10.0,5.0,0.0,,,,
Golgari Constelation,Owen Turtenwald,Standard,2014 World Championship - Day 2,,4,03/12/14,22.0,26.0,9.0,3.0,0.0,,,,
Jeskai Ascendancy,Lee Shi Tian,Standard,2014 World Championship - Day 2,,6,03/12/14,22.0,11.0,16.0,11.0,0.0,,,,
Sultai Whip ,Shahar Shenhar,Standard,2014 World Championship - Day 2,,4,03/12/14,23.0,22.0,10.0,5.0,0.0,,,,
Boros Aggro,Samuel Black,Standard,2014 World Championship - Day 2,,4,03/12/14,24.0,18.0,12.0,6.0,0.0,,,,
Abzan Midrange,Paul Rietzl,Standard,2014 World Championship - Day 2,,3,03/12/14,25.0,15.0,15.0,5.0,0.0,,,,
Abzan Midrange,Raymond Perez Jr.,Standard,2014 World Championship - Day 2,,3,03/12/14,25.0,14.0,14.0,7.0,0.0,,,,
Abzan Midrange Control,Shaun McLaren,Standard,2014 World Championship - Day 2,,1,03/12/14,25.0,12.0,17.0,6.0,0.0,,,,
Golgari Constelation,William Jensen,Standard,2014 World Championship - Day 2,,4,03/12/14,22.0,26.0,9.0,3.0,0.0,,,,
Red Deck Wins,Jérémy Dezani,Standard,2014 World Championship - Day 2,,4,03/12/14,22.0,16.0,22.0,,0.0,,,,
Jeskai Control,Lars Dam,Standard,2014 World Championship - Day 2,,4,03/12/14,25.0,7.0,24.0,4.0,0.0,,,,
Bant Megamorph,Valentin Mackl (Team Austria),Standard,World Magic Cup 2015,,4,13/12/15,25.0,22.0,6.0,7.0,0.0,,,,
Mardu Midrange,Fiala Ibitz (Team Austria),Standard,World Magic Cup 2015,,4,13/12/15,25.0,15.0,17.0,3.0,0.0,,,,
Esper Dragons,Nikolaus Eigner (Team Austria),Standard,World Magic Cup 2015,,4,13/12/15,27.0,10.0,23.0,,0.0,,,,
Orzhov Token,Christoffer Larsen (Team Denmark),Standard,World Magic Cup 2015,,5,13/12/15,25.0,10.0,16.0,9.0,0.0,,,,
4c Rally,Martin Müller (Team Denmark),Standard,World Magic Cup 2015,,5,13/12/15,24.0,27.0,9.0,,0.0,,,,
Red Deck Wins,Martin Dang (Team Denmark),Standard,World Magic Cup 2015,,5,13/12/15,21.0,12.0,27.0,,0.0,,,,
Esper Dragon,Arnaud Soumet (Team France),Standard,World Magic Cup 2015,,3,13/12/15,27.0,10.0,23.0,,0.0,,,,
Mardu Midrange,Pierre Dagen (Team France),Standard,World Magic Cup 2015,,3,13/12/15,26.0,16.0,17.0,1.0,0.0,,,,
E7DW,Hichem Tedjditi (Team France),Standard,World Magic Cup 2015,,3,13/12/15,21.0,14.0,25.0,,0.0,,,,
Esper Control,Jose Andrés (Team Guatemala),Standard,World Magic Cup 2015,,6,13/12/15,27.0,4.0,25.0,4.0,0.0,,,,
Rakdos Draons,Wilfredo Bojorquez (Team Guatemala),Standard,World Magic Cup 2015,,6,13/12/15,25.0,14.0,19.0,2.0,0.0,,,,
Gruul Landfall,Christopher Virula (Team Guatemala),Standard,World Magic Cup 2015,,6,13/12/15,24.0,20.0,16.0,,0.0,,,,
Esper Dragons,Andrea Mengucci (Team Italy),Standard,World Magic Cup 2015,,1,13/12/15,26.0,10.0,24.0,,0.0,,,,
Temur Megamorph,William Pizzi (Team Italy),Standard,World Magic Cup 2015,,1,13/12/15,24.0,22.0,14.0,,0.0,,,,
Atarka Red,Marco Cammilluzzi (Team Italy),Standard,World Magic Cup 2015,,1,13/12/15,21.0,14.0,25.0,,0.0,,,,
Esper Dragons,Yuuya Watanabe (Team Japan),Standard,World Magic Cup 2015,,8,13/12/15,27.0,10.0,22.0,1.0,0.0,,,,
Atarka Red,Soyo You (Team Japan),Standard,World Magic Cup 2015,,8,13/12/15,21.0,14.0,25.0,,0.0,,,,
Abzan Rally,Kenji Tsumura (Team Japan),Standard,World Magic Cup 2015,,8,13/12/15,24.0,28.0,8.0,,0.0,,,,
Abzan Aggro,Grant Hislop (Team Scotland),Standard,World Magic Cup 2015,,7,13/12/15,26.0,20.0,8.0,6.0,0.0,,,,
Jeskai,Stephen Murray (Team Scotland),Standard,World Magic Cup 2015,,7,13/12/15,25.0,16.0,15.0,4.0,0.0,,,,
Rakdos Dragons,Martin Clement (Team Scotland),Standard,World Magic Cup 2015,,7,13/12/15,26.0,14.0,17.0,3.0,0.0,,,,
Esper Dragons,Popitukgul (Team Thailand),Standard,World Magic Cup 2015,,2,13/12/15,26.0,10.0,21.0,3.0,0.0,,,,
Atarka Red,Sirilertvorakul (Team Thailand),Standard,World Magic Cup 2015,,2,13/12/15,21.0,13.0,26.0,,0.0,,,,
Abzan Midrange,Chom Pasidparchya (Team Thailand),Standard,World Magic Cup 2015,,2,13/12/15,25.0,22.0,9.0,4.0,0.0,,,,
Abzan Midrange,Paul Rietzl,Standard,2015 World Championship,,3,30/08/15,26.0,20.0,10.0,4.0,0.0,,,,
Abzan Midrange,Owen Turtenwald,Standard,2015 World Championship,,2,30/08/15,26.0,15.0,17.0,2.0,0.0,,,,
Abzan Midrange,Seth Manfield,Standard,2015 World Championship,,1,30/08/15,26.0,14.0,17.0,3.0,0.0,,,,
Abzan Midrange,Brad Nelson,Standard,2015 World Championship,,17-32,30/08/15,26.0,14.0,17.0,3.0,0.0,,,,
Abzan Midrange,Antonio Del Moral León,Standard,2015 World Championship,,17-32,30/08/15,26.0,21.0,10.0,3.0,0.0,,,,
Jeskai Midrange,Shahar Shenhar,Standard,2015 World Championship,,17-32,30/08/15,25.0,18.0,17.0,,0.0,,,,
Abzan Midrange,Lee Shi Tian,Standard,2015 World Championship,,17-32,30/08/15,26.0,22.0,10.0,2.0,0.0,,,,
Jeskai Midrange,Eric Froehlich,Standard,2015 World Championship,,17-32,30/08/15,25.0,18.0,17.0,,0.0,,,,
Jeskai Midrange,Mike Sigrist,Standard,2015 World Championship,,17-32,30/08/15,25.0,16.0,19.0,,0.0,,,,
Gruul Dragons,Kentaro Yamamoto,Standard,2015 World Championship,,17-32,30/08/15,24.0,26.0,10.0,,0.0,,,,
Abzan Midrange,Steve Rubin,Standard,2015 World Championship,,16,30/08/15,26.0,14.0,17.0,3.0,0.0,,,,
Gruul Deck Wins,Martin Dang,Standard,2015 World Championship,,15,30/08/15,20.0,15.0,25.0,,0.0,,,,
Jeskai Midrange,Alexander Hayne,Standard,2015 World Championship,,14,30/08/15,25.0,16.0,19.0,,0.0,,,,
Esper Dragons,Joel Larsson,Standard,2015 World Championship,,13,30/08/15,27.0,6.0,25.0,2.0,0.0,,,,
Jeskai Midrange,Shaun McLaren,Standard,2015 World Championship,,7,30/08/15,25.0,17.0,18.0,,0.0,,,,
Jeskai Midrange,Jacob Wilson,Standard,2015 World Championship,,12,30/08/15,25.0,16.0,19.0,,0.0,,,,
Esper Dragons,Paulo Vitor Damo Da Rosa,Standard,2015 World Championship,,11,30/08/15,27.0,5.0,26.0,2.0,0.0,,,,
Jeskai Midrange,Yuuya Watanabe,Standard,2015 World Championship,,10,30/08/15,25.0,17.0,17.0,1.0,0.0,,,,
Esper Dragons,Ondřej Stráský,Standard,2015 World Championship,,9,30/08/15,27.0,5.0,26.0,2.0,0.0,,,,
Esper Dragons,Thiago Saporito,Standard,2015 World Championship,,8,30/08/15,27.0,5.0,26.0,2.0,0.0,,,,
Weenie White ,Samuel Black,Standard,2015 World Championship,,4,30/08/15,25.0,25.0,3.0,7.0,0.0,,,,
Gruul Deck Wins,Magnus Lantto,Standard,2015 World Championship,,5,30/08/15,20.0,15.0,25.0,,0.0,,,,
Abzan Midrange,Ari Lax,Standard,2015 World Championship,,17-32,30/08/15,26.0,15.0,16.0,3.0,0.0,,,,
Esper Dragons,Martin Müller,Standard,2015 World Championship,,6,30/08/15,27.0,6.0,25.0,2.0,0.0,,,,
Jund Delirium,Lukas Blohon,Standard,2016 World Championship,,Other,02/09/16,24.0,11.0,18.0,7.0,0.0,,,,
Bant Humans,Brian Braun-Duin,Standard,2016 World Championship,,1,02/09/16,25.0,25.0,8.0,2.0,0.0,,,,
HQ Collected Bant,Marcio Carvalho,Standard,2016 World Championship,,2,02/09/16,26.0,27.0,6.0,1.0,0.0,,,,
Temur Emerge,Paulo Vitor Damo Da Rosa,Standard,2016 World Championship,,,02/09/16,23.0,20.0,14.0,3.0,0.0,,,,
Bant Spirits,Seth Manfield,Standard,2016 World Championship,,,02/09/16,25.0,27.0,8.0,,0.0,,,,
Temur Emerge,Luis Scott-Vargas,Standard,2016 World Championship,,,02/09/16,23.0,20.0,14.0,3.0,0.0,,,,
Temur Emerge Emrakul,Ondrej Stráský,Standard,2016 World Championship,,,02/09/16,22.0,18.0,16.0,4.0,0.0,,,,
Simic Crush,Steve Rubin,Standard,2016 World Championship,,,02/09/16,24.0,8.0,26.0,2.0,0.0,,,,
Temur Emerge Emrakul,Oliver Tiu,Standard,2016 World Championship,,3-4,02/09/16,22.0,18.0,16.0,4.0,0.0,,,,
Collected Bant,Shota Yasooka,Standard,2016 World Championship,,3-4,02/09/16,26.0,25.0,9.0,,0.0,,,,
Temur Energy,Ivan Floch (Slovakia),Standard,2017 World Magic Cup,,8,03/12/17,22.0,23.0,12.0,3.0,0.0,,,,
Sultai Constrictor,Chao Lu (China),Standard,2017 World Magic Cup,,7,03/12/17,21.0,26.0,13.0,,0.0,,,,
Red Deck Wins,Yuchen Liu (China),Standard,2017 World Magic Cup,,7,03/12/17,24.0,25.0,10.0,1.0,0.0,,,,
UW Control,Piotr Gaogowski (Poland),Standard,2017 World Magic Cup,,2,03/12/17,24.0,2.0,23.0,11.0,0.0,,,,
Red Deck Wins,Radoslaw Kaczmarczyk (Poland),Standard,2017 World Magic Cup,,2,03/12/17,24.0,26.0,10.0,,0.0,,,,
Temur Energy,Grzegorz Kowalski (Poland),Standard,2017 World Magic Cup,,2,03/12/17,22.0,22.0,12.0,4.0,0.0,,,,
UB Control,Sam Rolph (Wales),Standard,2017 World Magic Cup,,5,03/12/17,25.0,5.0,26.0,4.0,0.0,,,,
Red Deck Wins,Philip Griffiths (Wales),Standard,2017 World Magic Cup,,5,03/12/17,25.0,19.0,11.0,5.0,0.0,,,,
Temur Energy,Aaron Boyhan (Wales),Standard,2017 World Magic Cup,,5,03/12/17,22.0,20.0,15.0,3.0,0.0,,,,
God-Pharaoh's Gift,Kenta Harane (Japan),Standard,2017 World Magic Cup,,1,03/12/17,23.0,16.0,13.0,8.0,0.0,,,,
Temur Energy,Yuuya Watanabe (Japan),Standard,2017 World Magic Cup,,1,03/12/17,23.0,20.0,13.0,4.0,0.0,,,,
God-Pharaoh's Gift,Tan Gao (China),Standard,2017 World Magic Cup,,7,03/12/17,23.0,17.0,12.0,8.0,0.0,,,,
WU God-Pharaoh's Gift,Adrian Schrenk (Austria),Standard,2017 World Magic Cup,,6,03/12/17,23.0,14.0,15.0,8.0,0.0,,,,
Mardu Vehicle,Ondrej Kedrovic (Slovakia),Standard,2017 World Magic Cup,,8,03/12/17,24.0,22.0,8.0,6.0,0.0,,,,
UB Control,Mattia Rizzi (Italy),Standard,2017 World Magic Cup,,4,03/12/17,26.0,5.0,27.0,2.0,0.0,,,,
Red Deck Wins,Adriano Moscato (Italy),Standard,2017 World Magic Cup,,4,03/12/17,24.0,25.0,9.0,2.0,0.0,,,,
Pummeler,Andrea Mengucci (Italy),Standard,2017 World Magic Cup,,4,03/12/17,20.0,22.0,14.0,4.0,0.0,,,,
4c Energy,Marc Tobiasch (Germany),Standard,2017 World Magic Cup,,3,03/12/17,22.0,17.0,21.0,,0.0,,,,
Red Deck Wins,Moritz Templin (Germany),Standard,2017 World Magic Cup,,3,03/12/17,24.0,25.0,11.0,,0.0,,,,
Mardu Vehicle,Phillip Krieger (Germany),Standard,2017 World Magic Cup,,3,03/12/17,25.0,18.0,6.0,11.0,0.0,,,,
Temur Energy,Elias Klocker (Austria),Standard,2017 World Magic Cup,,6,03/12/17,22.0,18.0,20.0,,0.0,,,,
Red Deck Wins,Oliver Polak-rottmann (Austria),Standard,2017 World Magic Cup,,6,03/12/17,24.0,24.0,11.0,1.0,0.0,,,,
Red Deck Wins,Shota Yasooka (Japan),Standard,2017 World Magic Cup,,1,03/12/17,24.0,26.0,10.0,,0.0,,,,
God-Pharaoh's Gift,Peter Snoha (Slovakia),Standard,2017 World Magic Cup,,8,03/12/17,23.0,16.0,14.0,7.0,0.0,,,,
Temur Energy,William Jensen,Standard,Worlds 2017,,1,07/10/17,22.0,23.0,15.0,,0.0,,,,
Red Deck Wins,Javier Dominguez,Standard,Worlds 2017,,2,07/10/17,24.0,23.0,12.0,1.0,0.0,,,,
UB Control,Kelvin Chew,Standard,Worlds 2017,,3-4,07/10/17,26.0,5.0,25.0,4.0,0.0,,,,
UB Control,Josh Utter-leyton,Standard,Worlds 2017,,3-4,07/10/17,26.0,5.0,26.0,3.0,0.0,,,,
Red Deck Wins,Eric Froehlich,Standard,Worlds 2017,,Other,07/10/17,24.0,25.0,11.0,,0.0,,,,
4c Energy,Martin Müller,Standard,Worlds 2017,,Other,07/10/17,23.0,23.0,12.0,2.0,0.0,,,,
Temur Energy,Sebastian Pozzo,Standard,Worlds 2017,,Other,07/10/17,22.0,24.0,12.0,2.0,0.0,,,,
4c Energy,Seth Manfield,Standard,Worlds 2017,,Other,07/10/17,23.0,23.0,12.0,2.0,0.0,,,,
Temur Energy,Reid Duke,Standard,Worlds 2017,,Other,07/10/17,22.0,22.0,16.0,,0.0,,,,
UB Control,Samuel Black,Standard,Worlds 2017,,Other,07/10/17,26.0,5.0,26.0,3.0,0.0,,,,
Temur Energy,Owen Turtenwald,Standard,Worlds 2017,,Other,07/10/17,22.0,23.0,15.0,,0.0,,,,
Temur Energy,Yuuya Watanabe,Standard,Worlds 2017,,Other,07/10/17,22.0,23.0,12.0,3.0,0.0,,,,
Red Deck Wins,Shi Tian Lee,Standard,Worlds 2017,,Other,07/10/17,24.0,23.0,12.0,1.0,0.0,,,,
Red Deck Wins,Martin Juza,Standard,Worlds 2017,,Other,07/10/17,23.0,29.0,8.0,,0.0,,,,
UB Control,Gerry Thompson,Standard,Worlds 2017,,Other,07/10/17,26.0,5.0,26.0,3.0,0.0,,,,
Golgari Aggro,Jean-Emmanuel Depraz (France - A),Standard,2018 World Magic Cup,,1,16/12/18,24.0,23.0,9.0,4.0,0.0,,,,
Jeskai Control,Arnaud Hocquemiller (France - B),Standard,2018 World Magic Cup,,1,16/12/18,26.0,,26.0,8.0,0.0,,,,
Selesnya Tokens,Timothée Jammot (France - C),Standard,2018 World Magic Cup,,1,16/12/18,21.0,14.0,12.0,13.0,0.0,,,,
Boros Aggro,Yuval Zuckerman (Israel - A),Standard,2018 World Magic Cup,,2,16/12/18,21.0,23.0,4.0,12.0,0.0,,,,
Izzet Drakes,Shahar Shenhar (Israel - B),Standard,2018 World Magic Cup,,2,16/12/18,21.0,10.0,27.0,2.0,0.0,,,,
Golgari Midrange,Amit Etgar (Israel - C),Standard,2018 World Magic Cup,,2,16/12/18,23.0,24.0,8.0,5.0,0.0,,,,
Boros Angels,Kon Fai Wu (Hong Kong - A),Standard,2018 World Magic Cup,,3,16/12/18,25.0,23.0,6.0,6.0,0.0,,,,
Izzet Phoenix,Shi Tian Lee (Hong Kong - B),Standard,2018 World Magic Cup,,3,16/12/18,20.0,12.0,28.0,,0.0,,,,
Golgari Midrange,Alexander Dadyko (Hong Kong - C),Standard,2018 World Magic Cup,,3,16/12/18,23.0,25.0,9.0,3.0,0.0,,,,
Selesnya Aggro,Ken Yukuhiro (Japan - A),Standard,2018 World Magic Cup,,5,16/12/18,22.0,22.0,3.0,13.0,0.0,,,,
Selesnya Tokens,Tian Fa Mun (Italy - A),Standard,2018 World Magic Cup,,4,16/12/18,21.0,14.0,12.0,13.0,0.0,,,,
Golgari Midrange,Andrea Mengucci (Italy - B),Standard,2018 World Magic Cup,,4,16/12/18,24.0,24.0,7.0,5.0,0.0,,,,
Izzet Drakes,Mattia Basilico (Italy - C),Standard,2018 World Magic Cup,,4,16/12/18,21.0,10.0,27.0,2.0,0.0,,,,
Golgari Midrange,Naoya Nanba (Japan - B),Standard,2018 World Magic Cup,,5,16/12/18,24.0,24.0,9.0,3.0,0.0,,,,
Izzet Drakes,Masahide Moriyama (Japan - C),Standard,2018 World Magic Cup,,5,16/12/18,21.0,10.0,27.0,2.0,0.0,,,,
Golgari Midrange,Yuchen Liu (China - A),Standard,2018 World Magic Cup,,6,16/12/18,23.0,26.0,8.0,3.0,0.0,,,,
Jeskai Control,Long Song (China - B),Standard,2018 World Magic Cup,,6,16/12/18,25.0,5.0,24.0,6.0,0.0,,,,
Boros Aggro,Benaya Lie (Australia - A),Standard,2018 World Magic Cup,,7,16/12/18,23.0,20.0,6.0,11.0,0.0,,,,
Big Red,Ming Xu (China - C),Standard,2018 World Magic Cup,,6,16/12/18,25.0,20.0,11.0,4.0,0.0,,,,
Golgari Aggro,David Mines (Australia - B),Standard,2018 World Magic Cup,,7,16/12/18,24.0,25.0,8.0,3.0,0.0,,,,
Fog,Matthew Garnham (Australia - C),Standard,2018 World Magic Cup,,7,16/12/18,25.0,,22.0,13.0,0.0,,,,
Selesnya Tokens,Richard Hornansky (Slovakia  - A),Standard,2018 World Magic Cup,,8,16/12/18,21.0,15.0,12.0,12.0,0.0,,,,
Jeskai Control,Ivan Floch (Slovakia  - B),Standard,2018 World Magic Cup,,8,16/12/18,26.0,4.0,21.0,9.0,0.0,,,,
Golgari Midrange,Milan Niznansky (Slovakia  - C),Standard,2018 World Magic Cup,,8,16/12/18,23.0,25.0,8.0,4.0,0.0,,,,
Rakdos Aggro,Elias Watsfeldt,Standard,Worlds 2018 (Las Vegas),,,23/09/18,23.0,26.0,8.0,3.0,0.0,,,,
Rakdos Aggro,Reid Duke,Standard,Worlds 2018 (Las Vegas),,,23/09/18,25.0,24.0,6.0,5.0,0.0,,,,
Rakdos Aggro,Márcio Carvalho,Standard,Worlds 2018 (Las Vegas),,,23/09/18,25.0,22.0,8.0,5.0,0.0,,,,
Rakdos Aggro,Ben Hull,Standard,Worlds 2018 (Las Vegas),,,23/09/18,25.0,23.0,7.0,5.0,0.0,,,,
Red Deck Wins,Benjamin Stark,Standard,Worlds 2018 (Las Vegas),,3-4,23/09/18,22.0,27.0,11.0,,0.0,,,,
UW God-Pharaoh's Gift,Shahar Shenhar,Standard,Worlds 2018 (Las Vegas),,3-4,23/09/18,25.0,16.0,13.0,6.0,0.0,,,,
Rakdos Aggro,Javier Dominguez,Standard,Worlds 2018 (Las Vegas),,1,23/09/18,25.0,22.0,8.0,5.0,0.0,,,,
Rakdos Aggro,Grzegorz Kowalski,Standard,Worlds 2018 (Las Vegas),,2,23/09/18,25.0,21.0,9.0,5.0,0.0,,,,
Red Deck Wins,Andrea Mengucci,Standard,World Championship XXVI Honolulu,,14,12/02/20,22.0,31.0,4.0,3.0,0.0,,,,
UW Control,Thoralf Severin,Standard,World Championship XXVI Honolulu,,12,12/02/20,25.0,4.0,11.0,20.0,0.0,,,,
Temur Reclamation,Chris Kvartek,Standard,World Championship XXVI Honolulu,,10,12/02/20,27.0,9.0,12.0,12.0,0.0,,,,
Jund Sacrifice,Piotr Glogowski,Standard,World Championship XXVI Honolulu,,11,12/02/20,25.0,22.0,4.0,9.0,0.0,,,,
UW Control,Ondrej Strasky,Standard,World Championship XXVI Honolulu,,13,12/02/20,25.0,2.0,15.0,18.0,0.0,,,,
UW Control,Paulo Vitor Damo Da Rosa,Standard,World Championship XXVI Honolulu,,1,12/02/20,25.0,2.0,15.0,18.0,0.0,,,,
Fires of Invention,Javier Dominguez,Standard,World Championship XXVI Honolulu,,16,12/02/20,27.0,19.0,6.0,8.0,0.0,,,,
Red Deck Wins,Sebastian Pozzo,Standard,World Championship XXVI Honolulu,,6,12/02/20,22.0,28.0,6.0,4.0,0.0,,,,
Red Deck Wins,Seth Manfield,Standard,World Championship XXVI Honolulu,,3,12/02/20,22.0,31.0,4.0,3.0,0.0,,,,
Red Deck Wins,Eli Loveman,Standard,World Championship XXVI Honolulu,,5,12/02/20,21.0,28.0,7.0,4.0,0.0,,,,
Fires of Invention,Marcio Carvalho,Standard,World Championship XXVI Honolulu,,2,12/02/20,27.0,19.0,6.0,8.0,0.0,,,,
Fires of Invention,Gabriel Nassif,Standard,World Championship XXVI Honolulu,,4,12/02/20,28.0,18.0,4.0,10.0,0.0,,,,
Fires of Invention,Raphael Levy,Standard,World Championship XXVI Honolulu,,9,12/02/20,28.0,18.0,4.0,10.0,0.0,,,,
Temur Reclamation,Matias Leveratto,Standard,World Championship XXVI Honolulu,,15,12/02/20,27.0,9.0,17.0,7.0,0.0,,,,
Temur Reclamation,Jean-emmanuel Depraz,Standard,World Championship XXVI Honolulu,,7,12/02/20,27.0,7.0,22.0,4.0,0.0,,,,
Temur Reclamation,Autumn Burchett,Standard,World Championship XXVI Honolulu,,8,12/02/20,27.0,9.0,18.0,6.0,0.0,,,,
Izzet Control,Stanislav Cifka,Standard,Magic World Championship XXVII (2021),,12,05/10/21,,,37.0,,0.0,23.0,,,
Mono Green Aggro,Paulo Vitor Damo Da Rosa,Standard,Magic World Championship XXVII (2021),,10,05/10/21,,19.0,8.0,10.0,0.0,23.0,,,
Gruul Aggro,Jean-Emmanuel Depraz,Standard,Magic World Championship XXVII (2021),,2,05/10/21,,21.0,9.0,8.0,0.0,,22.0,,
Izzet Control,Arne Huschenbeth,Standard,Magic World Championship XXVII (2021),,16,05/10/21,,,37.0,,0.0,23.0,,,
Weenie White ,Yoshihiko Ikawa,Standard,Magic World Championship XXVII (2021),,8,05/10/21,24.0,29.0,3.0,4.0,0.0,,,,
Grixis Control,Eli Kassis,Standard,Magic World Championship XXVII (2021),,7,05/10/21,,4.0,30.0,3.0,0.0,,,23.0,
Mono Green Aggro,Seth Manfield,Standard,Magic World Championship XXVII (2021),,15,05/10/21,,19.0,6.0,12.0,0.0,23.0,,,
Grixis Control,Jan Merkel,Standard,Magic World Championship XXVII (2021),,3,05/10/21,,4.0,30.0,3.0,0.0,,,23.0,
Azorius Aggro,Noriyuki Mori,Standard,Magic World Championship XXVII (2021),,11,05/10/21,,25.0,11.0,,0.0,,24.0,,
Grixis Control,Gabriel Nassif,Standard,Magic World Championship XXVII (2021),,13,05/10/21,,4.0,30.0,3.0,0.0,,,23.0,
Mono Green Aggro,Sam Pardee,Standard,Magic World Championship XXVII (2021),,6,05/10/21,,19.0,8.0,10.0,0.0,23.0,,,
Izzet Control,Keisuke Sato,Standard,Magic World Championship XXVII (2021),,14,05/10/21,,4.0,34.0,,0.0,,,22.0,
Weenie White ,Rei Sato,Standard,Magic World Championship XXVII (2021),,9,05/10/21,24.0,29.0,3.0,4.0,0.0,,,,
Grixis Control,Matt Sperling,Standard,Magic World Championship XXVII (2021),,5,05/10/21,,4.0,30.0,3.0,0.0,,,23.0,
Izzet Control,Ondřej Stráský,Standard,Magic World Championship XXVII (2021),,4,05/10/21,,,37.0,,0.0,23.0,,,
Izzet Control,Yuta Takahashi,Standard,Magic World Championship XXVII (2021),,1,05/10/21,,8.0,32.0,,0.0,,,,20.0
Esper Raffine,Yo Akaike,Standard,Magic World Championship XXVIII,,14,28/10/22,26.0,17.0,9.0,8.0,0.0,,,,
Bant Aggro,Drew Baker,Standard,Magic World Championship XXVIII,,27,28/10/22,24.0,14.0,10.0,12.0,0.0,,,,
Esper Raffine,Jim Davis,Standard,Magic World Championship XXVIII,,5,28/10/22,26.0,20.0,7.0,7.0,0.0,,,,
Mono Blue Tempo,Jean-emmanuel Depraz,Standard,Magic World Championship XXVIII,,20,28/10/22,22.0,8.0,30.0,,0.0,,,,
Jund,Reid Duke,Standard,Magic World Championship XXVIII,,13,28/10/22,27.0,16.0,9.0,8.0,0.0,,,,
Esper Raffine,Zach Dunn,Standard,Magic World Championship XXVIII,,19,28/10/22,27.0,20.0,6.0,7.0,0.0,,,,
Esper Raffine,Jonny Guttman,Standard,Magic World Championship XXVIII,,31,28/10/22,27.0,18.0,8.0,7.0,0.0,,,,
Esper Raffine,Lukas Honnay,Standard,Magic World Championship XXVIII,,11,28/10/22,27.0,20.0,6.0,7.0,0.0,,,,
Esper Raffine,Yuuki Ichikawa,Standard,Magic World Championship XXVIII,,26,28/10/22,26.0,17.0,8.0,9.0,0.0,,,,
Esper Raffine,David Inglis,Standard,Magic World Championship XXVIII,,7,28/10/22,27.0,18.0,8.0,7.0,0.0,,,,
Esper Raffine,Eli Kassis,Standard,Magic World Championship XXVIII,,2,28/10/22,26.0,21.0,7.0,6.0,0.0,,,,
Esper Raffine,Zachary Kiihne,Standard,Magic World Championship XXVIII,,17,28/10/22,27.0,18.0,8.0,7.0,0.0,,,,
Esper Raffine,Yuma Koizumi,Standard,Magic World Championship XXVIII,,22,28/10/22,26.0,17.0,8.0,9.0,0.0,,,,
Esper Raffine,Matti Kuisma,Standard,Magic World Championship XXVIII,,24,28/10/22,26.0,13.0,14.0,7.0,0.0,,,,
Esper Raffine,Riku Kumagai,Standard,Magic World Championship XXVIII,,9,28/10/22,26.0,17.0,8.0,9.0,0.0,,,,
Jund,Jan-moritz Merkel,Standard,Magic World Championship XXVIII,,25,28/10/22,27.0,16.0,9.0,8.0,0.0,,,,
Esper Raffine,Yudai Miyano,Standard,Magic World Championship XXVIII,,28,28/10/22,26.0,15.0,9.0,10.0,0.0,,,,
Esper Raffine,Simon Nielsen,Standard,Magic World Championship XXVIII,,15,28/10/22,26.0,14.0,13.0,7.0,0.0,,,,
Esper Raffine,Logan Nettles,Standard,Magic World Championship XXVIII,,16,28/10/22,26.0,15.0,10.0,9.0,0.0,,,,
UW Control,Greg Orange,Standard,Magic World Championship XXVIII,,10,28/10/22,27.0,1.0,28.0,4.0,0.0,,,,
Esper Raffine,Toru Saito,Standard,Magic World Championship XXVIII,,21,28/10/22,26.0,17.0,8.0,9.0,0.0,,,,
Esper Raffine,Karl Sarap,Standard,Magic World Championship XXVIII,,4,28/10/22,26.0,13.0,14.0,7.0,0.0,,,,
Esper Raffine,Mike Sigrist,Standard,Magic World Championship XXVIII,,18,28/10/22,26.0,20.0,7.0,7.0,0.0,,,,
Grixis Midrange,Nathan Steuer,Standard,Magic World Championship XXVIII,,1,28/10/22,26.0,11.0,16.0,7.0,0.0,,,,
Esper Raffine,Yuta Takahashi,Standard,Magic World Championship XXVIII,,6,28/10/22,26.0,16.0,9.0,9.0,0.0,,,,
Izzet Control,Julian Wellman,Standard,Magic World Championship XXVIII,,8,28/10/22,23.0,7.0,25.0,5.0,0.0,,,,
Esper Raffine,Tristan Wylde-larue,Standard,Magic World Championship XXVIII,,12,28/10/22,27.0,18.0,8.0,7.0,0.0,,,,
Esper Raffine,Shota Yasooka,Standard,Magic World Championship XXVIII,,29,28/10/22,25.0,11.0,14.0,10.0,0.0,,,,
Jund,Hisamichi Yoshigoe,Standard,Magic World Championship XXVIII,,32,28/10/22,25.0,14.0,14.0,7.0,0.0,,,,
Mardu Midrange,Yimin Zhi,Standard,Magic World Championship XXVIII,,23,28/10/22,27.0,13.0,10.0,10.0,0.0,,,,
Esper Raffine,Jakub Tóth,Standard,Magic World Championship XXVIII,,3,28/10/22,26.0,20.0,7.0,7.0,0.0,,,,
